{
    "M_Line220_1": {
        "0": 0.9999993062451843,
        "1": 6.937548156777847e-07
    },
    "M_Line220_2": {
        "0": 0.9999993062451843,
        "1": 6.937548156777847e-07
    },
    "M_Line220_3": {
        "0": 0.9999993062451843,
        "1": 6.937548156777847e-07
    },
    "M_Line220_4": {
        "0": 0.9999993062451843,
        "1": 6.937548156777847e-07
    },
    "M_Line220_5": {
        "0": 0.9999993062451843,
        "1": 6.937548156777847e-07
    },
    "M_Line220_6": {
        "0": 0.9999993062451843,
        "1": 6.937548156777847e-07
    },
    "M_DS220_1": {
        "0": 0.9458505730919373,
        "1": 0.054149426908062695
    },
    "M_DS220_2": {
        "0": 0.9458505730919373,
        "1": 0.054149426908062695
    },
    "M_DS220_3": {
        "0": 0.9458505730919373,
        "1": 0.054149426908062695
    },
    "M_DS220_4": {
        "0": 0.9458505730919373,
        "1": 0.054149426908062695
    },
    "M_DS220_5": {
        "0": 0.9458505730919373,
        "1": 0.054149426908062695
    },
    "M_DS220_6": {
        "0": 0.9458505730919373,
        "1": 0.054149426908062695
    },
    "M_DS220_7": {
        "0": 0.9458505730919373,
        "1": 0.054149426908062695
    },
    "M_DS220_8": {
        "0": 0.9458505730919373,
        "1": 0.054149426908062695
    },
    "M_DS220_9": {
        "0": 0.9458505730919373,
        "1": 0.054149426908062695
    },
    "M_DS220_10": {
        "0": 0.9458505730919373,
        "1": 0.054149426908062695
    },
    "M_DS220_11": {
        "0": 0.9458505730919373,
        "1": 0.054149426908062695
    },
    "M_DS220_12": {
        "0": 0.9458505730919373,
        "1": 0.054149426908062695
    },
    "M_Bus220_1": {
        "0": 0.995995979108609,
        "1": 0.0040040208913909294
    },
    "M_Bus220_2": {
        "0": 0.995995979108609,
        "1": 0.0040040208913909294
    },
    "M_BC220_1": {
        "0": 0.9999998696239899,
        "1": 1.3037601012192675e-07
    },
    "M_BC220_2": {
        "0": 0.9999998696239899,
        "1": 1.3037601012192675e-07
    },
    "M_DS220_13": {
        "0": 0.9458505730919373,
        "1": 0.054149426908062695
    },
    "M_DS220_14": {
        "0": 0.9458505730919373,
        "1": 0.054149426908062695
    },
    "M_DS220_15": {
        "0": 0.9458505730919373,
        "1": 0.054149426908062695
    },
    "M_DS220_16": {
        "0": 0.9458505730919373,
        "1": 0.054149426908062695
    },
    "M_DS220_17": {
        "0": 0.9458505730919373,
        "1": 0.054149426908062695
    },
    "M_DS220_18": {
        "0": 0.9458505730919373,
        "1": 0.054149426908062695
    },
    "M_TF_1": {
        "0": 0.9999999801930198,
        "1": 1.9806980219211303e-08
    },
    "M_TF_2": {
        "0": 0.9999999801930198,
        "1": 1.9806980219211303e-08
    },
    "M_TF_3": {
        "0": 0.9999999801930198,
        "1": 1.9806980219211303e-08
    },
    "M_TF_4": {
        "0": 0.9999999801930198,
        "1": 1.9806980219211303e-08
    },
    "M_DS110_2": {
        "0": 0.755798431365798,
        "1": 0.24420156863420198
    },
    "M_DS110_3": {
        "0": 0.755798431365798,
        "1": 0.24420156863420198
    },
    "M_DS110_4": {
        "0": 0.755798431365798,
        "1": 0.24420156863420198
    },
    "M_DS110_5": {
        "0": 0.755798431365798,
        "1": 0.24420156863420198
    },
    "M_DS110_6": {
        "0": 0.755798431365798,
        "1": 0.24420156863420198
    },
    "M_Bus110_1": {
        "0": 0.9951256272178316,
        "1": 0.0048743727821684
    },
    "M_Bus110_2": {
        "0": 0.9951256272178316,
        "1": 0.0048743727821684
    },
    "M_BC110_1": {
        "0": 0.9958653118886709,
        "1": 0.0041346881113291396
    },
    "M_BC110_2": {
        "0": 0.9958653118886709,
        "1": 0.0041346881113291396
    },
    "M_DS110_7": {
        "0": 0.755798431365798,
        "1": 0.24420156863420198
    },
    "M_DS110_8": {
        "0": 0.755798431365798,
        "1": 0.24420156863420198
    },
    "M_DS110_9": {
        "0": 0.755798431365798,
        "1": 0.24420156863420198
    },
    "M_DS110_10": {
        "0": 0.755798431365798,
        "1": 0.24420156863420198
    },
    "M_DS110_11": {
        "0": 0.755798431365798,
        "1": 0.24420156863420198
    },
    "M_DS110_12": {
        "0": 0.755798431365798,
        "1": 0.24420156863420198
    },
    "M_DS110_13": {
        "0": 0.755798431365798,
        "1": 0.24420156863420198
    },
    "M_DS110_14": {
        "0": 0.755798431365798,
        "1": 0.24420156863420198
    },
    "M_DS110_15": {
        "0": 0.755798431365798,
        "1": 0.24420156863420198
    },
    "M_DS110_16": {
        "0": 0.755798431365798,
        "1": 0.24420156863420198
    },
    "M_DS110_17": {
        "0": 0.755798431365798,
        "1": 0.24420156863420198
    },
    "M_DS110_18": {
        "0": 0.755798431365798,
        "1": 0.24420156863420198
    },
    "M_DS110_19": {
        "0": 0.755798431365798,
        "1": 0.24420156863420198
    },
    "M_DS110_20": {
        "0": 0.755798431365798,
        "1": 0.24420156863420198
    },
    "M_DS110_21": {
        "0": 0.755798431365798,
        "1": 0.24420156863420198
    },
    "M_DS110_22": {
        "0": 0.755798431365798,
        "1": 0.24420156863420198
    },
    "M_DS110_23": {
        "0": 0.755798431365798,
        "1": 0.24420156863420198
    },
    "M_DS110_24": {
        "0": 0.755798431365798,
        "1": 0.24420156863420198
    },
    "M_DS110_25": {
        "0": 0.755798431365798,
        "1": 0.24420156863420198
    },
    "M_DS110_26": {
        "0": 0.755798431365798,
        "1": 0.24420156863420198
    },
    "M_DS110_27": {
        "0": 0.755798431365798,
        "1": 0.24420156863420198
    },
    "M_DS110_28": {
        "0": 0.755798431365798,
        "1": 0.24420156863420198
    },
    "M_DS110_29": {
        "0": 0.755798431365798,
        "1": 0.24420156863420198
    },
    "M_DS110_30": {
        "0": 0.755798431365798,
        "1": 0.24420156863420198
    },
    "M_Line110_1": {
        "0": 0.9872464625111365,
        "1": 0.012753537488863593
    },
    "M_Line110_2": {
        "0": 0.9872464625111365,
        "1": 0.012753537488863593
    },
    "M_Line110_3": {
        "0": 0.9872464625111365,
        "1": 0.012753537488863593
    },
    "M_Line110_4": {
        "0": 0.9872464625111365,
        "1": 0.012753537488863593
    },
    "M_Line110_5": {
        "0": 0.9872464625111365,
        "1": 0.012753537488863593
    },
    "M_Line110_6": {
        "0": 0.9872464625111365,
        "1": 0.012753537488863593
    },
    "M_Line110_7": {
        "0": 0.9872464625111365,
        "1": 0.012753537488863593
    },
    "M_Line110_8": {
        "0": 0.9872464625111365,
        "1": 0.012753537488863593
    },
    "M_Line110_9": {
        "0": 0.9872464625111365,
        "1": 0.012753537488863593
    },
    "M_Line110_10": {
        "0": 0.9872464625111365,
        "1": 0.012753537488863593
    },
    "M_Line110_11": {
        "0": 0.9872464625111365,
        "1": 0.012753537488863593
    },
    "M_Line110_12": {
        "0": 0.9872464625111365,
        "1": 0.012753537488863593
    }
}