{
    "M_Line220_1": {
        "pf": 0.9999993062451843,
        "pga_g": 0.6
    },
    "M_Line220_2": {
        "pf": 0.9999993062451843,
        "pga_g": 0.6
    },
    "M_Line220_3": {
        "pf": 0.9999993062451843,
        "pga_g": 0.6
    },
    "M_Line220_4": {
        "pf": 0.9999993062451843,
        "pga_g": 0.6
    },
    "M_Line220_5": {
        "pf": 0.9999993062451843,
        "pga_g": 0.6
    },
    "M_Line220_6": {
        "pf": 0.9999993062451843,
        "pga_g": 0.6
    },
    "M_DS220_1": {
        "pf": 0.9458505730919373,
        "pga_g": 0.6
    },
    "M_DS220_2": {
        "pf": 0.9458505730919373,
        "pga_g": 0.6
    },
    "M_DS220_3": {
        "pf": 0.9458505730919373,
        "pga_g": 0.6
    },
    "M_DS220_4": {
        "pf": 0.9458505730919373,
        "pga_g": 0.6
    },
    "M_DS220_5": {
        "pf": 0.9458505730919373,
        "pga_g": 0.6
    },
    "M_DS220_6": {
        "pf": 0.9458505730919373,
        "pga_g": 0.6
    },
    "M_DS220_7": {
        "pf": 0.9458505730919373,
        "pga_g": 0.6
    },
    "M_DS220_8": {
        "pf": 0.9458505730919373,
        "pga_g": 0.6
    },
    "M_DS220_9": {
        "pf": 0.9458505730919373,
        "pga_g": 0.6
    },
    "M_DS220_10": {
        "pf": 0.9458505730919373,
        "pga_g": 0.6
    },
    "M_DS220_11": {
        "pf": 0.9458505730919373,
        "pga_g": 0.6
    },
    "M_DS220_12": {
        "pf": 0.9458505730919373,
        "pga_g": 0.6
    },
    "M_Bus220_1": {
        "pf": 0.995995979108609,
        "pga_g": 0.6
    },
    "M_Bus220_2": {
        "pf": 0.995995979108609,
        "pga_g": 0.6
    },
    "M_BC220_1": {
        "pf": 0.9999998696239899,
        "pga_g": 0.6
    },
    "M_BC220_2": {
        "pf": 0.9999998696239899,
        "pga_g": 0.6
    },
    "M_DS220_13": {
        "pf": 0.9458505730919373,
        "pga_g": 0.6
    },
    "M_DS220_14": {
        "pf": 0.9458505730919373,
        "pga_g": 0.6
    },
    "M_DS220_15": {
        "pf": 0.9458505730919373,
        "pga_g": 0.6
    },
    "M_DS220_16": {
        "pf": 0.9458505730919373,
        "pga_g": 0.6
    },
    "M_DS220_17": {
        "pf": 0.9458505730919373,
        "pga_g": 0.6
    },
    "M_DS220_18": {
        "pf": 0.9458505730919373,
        "pga_g": 0.6
    },
    "M_TF_1": {
        "pf": 0.9999999801930198,
        "pga_g": 0.6
    },
    "M_TF_2": {
        "pf": 0.9999999801930198,
        "pga_g": 0.6
    },
    "M_TF_3": {
        "pf": 0.9999999801930198,
        "pga_g": 0.6
    },
    "M_TF_4": {
        "pf": 0.9999999801930198,
        "pga_g": 0.6
    },
    "M_DS110_2": {
        "pf": 0.755798431365798,
        "pga_g": 0.6
    },
    "M_DS110_3": {
        "pf": 0.755798431365798,
        "pga_g": 0.6
    },
    "M_DS110_4": {
        "pf": 0.755798431365798,
        "pga_g": 0.6
    },
    "M_DS110_5": {
        "pf": 0.755798431365798,
        "pga_g": 0.6
    },
    "M_DS110_6": {
        "pf": 0.755798431365798,
        "pga_g": 0.6
    },
    "M_Bus110_1": {
        "pf": 0.9951256272178316,
        "pga_g": 0.6
    },
    "M_Bus110_2": {
        "pf": 0.9951256272178316,
        "pga_g": 0.6
    },
    "M_BC110_1": {
        "pf": 0.9958653118886709,
        "pga_g": 0.6
    },
    "M_BC110_2": {
        "pf": 0.9958653118886709,
        "pga_g": 0.6
    },
    "M_DS110_7": {
        "pf": 0.755798431365798,
        "pga_g": 0.6
    },
    "M_DS110_8": {
        "pf": 0.755798431365798,
        "pga_g": 0.6
    },
    "M_DS110_9": {
        "pf": 0.755798431365798,
        "pga_g": 0.6
    },
    "M_DS110_10": {
        "pf": 0.755798431365798,
        "pga_g": 0.6
    },
    "M_DS110_11": {
        "pf": 0.755798431365798,
        "pga_g": 0.6
    },
    "M_DS110_12": {
        "pf": 0.755798431365798,
        "pga_g": 0.6
    },
    "M_DS110_13": {
        "pf": 0.755798431365798,
        "pga_g": 0.6
    },
    "M_DS110_14": {
        "pf": 0.755798431365798,
        "pga_g": 0.6
    },
    "M_DS110_15": {
        "pf": 0.755798431365798,
        "pga_g": 0.6
    },
    "M_DS110_16": {
        "pf": 0.755798431365798,
        "pga_g": 0.6
    },
    "M_DS110_17": {
        "pf": 0.755798431365798,
        "pga_g": 0.6
    },
    "M_DS110_18": {
        "pf": 0.755798431365798,
        "pga_g": 0.6
    },
    "M_DS110_19": {
        "pf": 0.755798431365798,
        "pga_g": 0.6
    },
    "M_DS110_20": {
        "pf": 0.755798431365798,
        "pga_g": 0.6
    },
    "M_DS110_21": {
        "pf": 0.755798431365798,
        "pga_g": 0.6
    },
    "M_DS110_22": {
        "pf": 0.755798431365798,
        "pga_g": 0.6
    },
    "M_DS110_23": {
        "pf": 0.755798431365798,
        "pga_g": 0.6
    },
    "M_DS110_24": {
        "pf": 0.755798431365798,
        "pga_g": 0.6
    },
    "M_DS110_25": {
        "pf": 0.755798431365798,
        "pga_g": 0.6
    },
    "M_DS110_26": {
        "pf": 0.755798431365798,
        "pga_g": 0.6
    },
    "M_DS110_27": {
        "pf": 0.755798431365798,
        "pga_g": 0.6
    },
    "M_DS110_28": {
        "pf": 0.755798431365798,
        "pga_g": 0.6
    },
    "M_DS110_29": {
        "pf": 0.755798431365798,
        "pga_g": 0.6
    },
    "M_DS110_30": {
        "pf": 0.755798431365798,
        "pga_g": 0.6
    },
    "M_Line110_1": {
        "pf": 0.9872464625111365,
        "pga_g": 0.6
    },
    "M_Line110_2": {
        "pf": 0.9872464625111365,
        "pga_g": 0.6
    },
    "M_Line110_3": {
        "pf": 0.9872464625111365,
        "pga_g": 0.6
    },
    "M_Line110_4": {
        "pf": 0.9872464625111365,
        "pga_g": 0.6
    },
    "M_Line110_5": {
        "pf": 0.9872464625111365,
        "pga_g": 0.6
    },
    "M_Line110_6": {
        "pf": 0.9872464625111365,
        "pga_g": 0.6
    },
    "M_Line110_7": {
        "pf": 0.9872464625111365,
        "pga_g": 0.6
    },
    "M_Line110_8": {
        "pf": 0.9872464625111365,
        "pga_g": 0.6
    },
    "M_Line110_9": {
        "pf": 0.9872464625111365,
        "pga_g": 0.6
    },
    "M_Line110_10": {
        "pf": 0.9872464625111365,
        "pga_g": 0.6
    },
    "M_Line110_11": {
        "pf": 0.9872464625111365,
        "pga_g": 0.6
    },
    "M_Line110_12": {
        "pf": 0.9872464625111365,
        "pga_g": 0.6
    }
}