{
    "M_Line220_1": {
        "0": {
            "p": 0.996160834917414
        },
        "1": {
            "p": 0.003839165082585983
        }
    },
    "M_Line220_2": {
        "0": {
            "p": 0.996160834917414
        },
        "1": {
            "p": 0.003839165082585983
        }
    },
    "M_Line220_3": {
        "0": {
            "p": 0.996160834917414
        },
        "1": {
            "p": 0.003839165082585983
        }
    },
    "M_Line220_4": {
        "0": {
            "p": 0.996160834917414
        },
        "1": {
            "p": 0.003839165082585983
        }
    },
    "M_Line220_5": {
        "0": {
            "p": 0.996160834917414
        },
        "1": {
            "p": 0.003839165082585983
        }
    },
    "M_Line220_6": {
        "0": {
            "p": 0.996160834917414
        },
        "1": {
            "p": 0.003839165082585983
        }
    },
    "M_DS220_1": {
        "0": {
            "p": 0.6216753651817223
        },
        "1": {
            "p": 0.3783246348182777
        }
    },
    "M_DS220_2": {
        "0": {
            "p": 0.6216753651817223
        },
        "1": {
            "p": 0.3783246348182777
        }
    },
    "M_DS220_3": {
        "0": {
            "p": 0.6216753651817223
        },
        "1": {
            "p": 0.3783246348182777
        }
    },
    "M_DS220_4": {
        "0": {
            "p": 0.6216753651817223
        },
        "1": {
            "p": 0.3783246348182777
        }
    },
    "M_DS220_5": {
        "0": {
            "p": 0.6216753651817223
        },
        "1": {
            "p": 0.3783246348182777
        }
    },
    "M_DS220_6": {
        "0": {
            "p": 0.6216753651817223
        },
        "1": {
            "p": 0.3783246348182777
        }
    },
    "M_DS220_7": {
        "0": {
            "p": 0.6216753651817223
        },
        "1": {
            "p": 0.3783246348182777
        }
    },
    "M_DS220_8": {
        "0": {
            "p": 0.6216753651817223
        },
        "1": {
            "p": 0.3783246348182777
        }
    },
    "M_DS220_9": {
        "0": {
            "p": 0.6216753651817223
        },
        "1": {
            "p": 0.3783246348182777
        }
    },
    "M_DS220_10": {
        "0": {
            "p": 0.6216753651817223
        },
        "1": {
            "p": 0.3783246348182777
        }
    },
    "M_DS220_11": {
        "0": {
            "p": 0.6216753651817223
        },
        "1": {
            "p": 0.3783246348182777
        }
    },
    "M_DS220_12": {
        "0": {
            "p": 0.6216753651817223
        },
        "1": {
            "p": 0.3783246348182777
        }
    },
    "M_Bus220_1": {
        "0": {
            "p": 0.40324776295125764
        },
        "1": {
            "p": 0.5967522370487424
        }
    },
    "M_Bus220_2": {
        "0": {
            "p": 0.40324776295125764
        },
        "1": {
            "p": 0.5967522370487424
        }
    },
    "M_BC220_1": {
        "0": {
            "p": 0.9949368099825483
        },
        "1": {
            "p": 0.005063190017451692
        }
    },
    "M_BC220_2": {
        "0": {
            "p": 0.9949368099825483
        },
        "1": {
            "p": 0.005063190017451692
        }
    },
    "M_DS220_13": {
        "0": {
            "p": 0.6216753651817223
        },
        "1": {
            "p": 0.3783246348182777
        }
    },
    "M_DS220_14": {
        "0": {
            "p": 0.6216753651817223
        },
        "1": {
            "p": 0.3783246348182777
        }
    },
    "M_DS220_15": {
        "0": {
            "p": 0.6216753651817223
        },
        "1": {
            "p": 0.3783246348182777
        }
    },
    "M_DS220_16": {
        "0": {
            "p": 0.6216753651817223
        },
        "1": {
            "p": 0.3783246348182777
        }
    },
    "M_DS220_17": {
        "0": {
            "p": 0.6216753651817223
        },
        "1": {
            "p": 0.3783246348182777
        }
    },
    "M_DS220_18": {
        "0": {
            "p": 0.6216753651817223
        },
        "1": {
            "p": 0.3783246348182777
        }
    },
    "M_TF_1": {
        "0": {
            "p": 0.9983178959410778
        },
        "1": {
            "p": 0.0016821040589222046
        }
    },
    "M_TF_2": {
        "0": {
            "p": 0.9983178959410778
        },
        "1": {
            "p": 0.0016821040589222046
        }
    },
    "M_TF_3": {
        "0": {
            "p": 0.9983178959410778
        },
        "1": {
            "p": 0.0016821040589222046
        }
    },
    "M_TF_4": {
        "0": {
            "p": 0.9983178959410778
        },
        "1": {
            "p": 0.0016821040589222046
        }
    },
    "M_DS110_2": {
        "0": {
            "p": 0.37494799909215204
        },
        "1": {
            "p": 0.625052000907848
        }
    },
    "M_DS110_3": {
        "0": {
            "p": 0.37494799909215204
        },
        "1": {
            "p": 0.625052000907848
        }
    },
    "M_DS110_4": {
        "0": {
            "p": 0.37494799909215204
        },
        "1": {
            "p": 0.625052000907848
        }
    },
    "M_DS110_5": {
        "0": {
            "p": 0.37494799909215204
        },
        "1": {
            "p": 0.625052000907848
        }
    },
    "M_DS110_6": {
        "0": {
            "p": 0.37494799909215204
        },
        "1": {
            "p": 0.625052000907848
        }
    },
    "M_Bus110_1": {
        "0": {
            "p": 0.30108492913487905
        },
        "1": {
            "p": 0.698915070865121
        }
    },
    "M_Bus110_2": {
        "0": {
            "p": 0.30108492913487905
        },
        "1": {
            "p": 0.698915070865121
        }
    },
    "M_BC110_1": {
        "0": {
            "p": 0.8397347927700568
        },
        "1": {
            "p": 0.16026520722994317
        }
    },
    "M_BC110_2": {
        "0": {
            "p": 0.8397347927700568
        },
        "1": {
            "p": 0.16026520722994317
        }
    },
    "M_DS110_7": {
        "0": {
            "p": 0.37494799909215204
        },
        "1": {
            "p": 0.625052000907848
        }
    },
    "M_DS110_8": {
        "0": {
            "p": 0.37494799909215204
        },
        "1": {
            "p": 0.625052000907848
        }
    },
    "M_DS110_9": {
        "0": {
            "p": 0.37494799909215204
        },
        "1": {
            "p": 0.625052000907848
        }
    },
    "M_DS110_10": {
        "0": {
            "p": 0.37494799909215204
        },
        "1": {
            "p": 0.625052000907848
        }
    },
    "M_DS110_11": {
        "0": {
            "p": 0.37494799909215204
        },
        "1": {
            "p": 0.625052000907848
        }
    },
    "M_DS110_12": {
        "0": {
            "p": 0.37494799909215204
        },
        "1": {
            "p": 0.625052000907848
        }
    },
    "M_DS110_13": {
        "0": {
            "p": 0.37494799909215204
        },
        "1": {
            "p": 0.625052000907848
        }
    },
    "M_DS110_14": {
        "0": {
            "p": 0.37494799909215204
        },
        "1": {
            "p": 0.625052000907848
        }
    },
    "M_DS110_15": {
        "0": {
            "p": 0.37494799909215204
        },
        "1": {
            "p": 0.625052000907848
        }
    },
    "M_DS110_16": {
        "0": {
            "p": 0.37494799909215204
        },
        "1": {
            "p": 0.625052000907848
        }
    },
    "M_DS110_17": {
        "0": {
            "p": 0.37494799909215204
        },
        "1": {
            "p": 0.625052000907848
        }
    },
    "M_DS110_18": {
        "0": {
            "p": 0.37494799909215204
        },
        "1": {
            "p": 0.625052000907848
        }
    },